{
"lengthUnit": "mil",
"components": {
	"fields": ["COMPONENT_NO", "COMPONENT_NAME", "LAYER", "X_COORDINATE", "Y_COORDINATE", "ANGLE"],
	"rows": [
		[1, "3.3V", "T", 142.5, -907.5, 180],
		[2, "5V", "T", 2687.5, -1437.5, 0],
		[3, "C1", "T", 1397.5, -887.5, 180],
		[4, "C2", "T", 2527.5, -332.5, 90],
		[5, "C3", "T", 2137.5, -332.5, 90],
		[6, "C4", "T", 2109.47, -1107.5, 90],
		[7, "C5", "T", 2109.47, -886.44, 270],
		[8, "C6", "T", 627.8, -1667.5, 0],
		[9, "C7", "T", 438.83, -796.43, 0],
		[10, "C8", "T", 438.46, -721.43, 180],
		[11, "C9", "T", 677.5, -262.5, 0],
		[12, "C10", "T", 598.33, -721.43, 0],
		[13, "H1", "T", 997.5, -992.5, 90],
		[14, "H2", "T", 1772.5, -112.5, 0],
		[15, "H3", "T", 2707.5, -747.5, 270],
		[16, "H4", "T", 1992.5, -1717.5, 180],
		[17, "H5", "T", 1037.7, -112.5, 0],
		[18, "H6", "T", 602.5, -112.5, 0],
		[19, "H7", "T", 1037.7, -267.5, 0],
		[20, "H8", "T", 1267.5, -1717.5, 180],
		[21, "LED1", "T", 141.93, -1138.88, 180],
		[22, "LED2", "T", 141.93, -1378.19, 180],
		[23, "LED3", "T", 141.93, -1617.5, 180],
		[24, "R2", "T", 342.5, -477.5, 270],
		[25, "R3", "T", 412.5, -477.5, 270],
		[26, "R4", "B", 1140.99, -841.02, 0],
		[27, "R5", "B", 1141.67, -741.65, 0],
		[28, "R6", "B", 1141.67, -642.28, 0],
		[29, "R7", "B", 1141.67, -542.91, 0],
		[30, "R8", "B", 1322.5, -307.5, 270],
		[31, "R9", "B", 1422.5, -307.5, 270],
		[32, "R10", "B", 1622.5, -307.5, 270],
		[33, "R11", "B", 1522.5, -307.5, 270],
		[34, "R12", "T", 2687.5, -1577.5, 180],
		[35, "R13", "T", 297.5, -1138.88, 0],
		[36, "R14", "T", 297.5, -1380.69, 0],
		[37, "R15", "T", 297.5, -1622.5, 0],
		[38, "R16", "T", 627.5, -1592.5, 180],
		[39, "R17", "T", 296.82, -907.5, 0],
		[40, "SW1", "T", 2395.3, -342.5, 90],
		[41, "SW2", "T", 2269.49, -342.5, 90],
		[42, "SW3", "T", 627.5, -1772.5, 0],
		[43, "U1", "T", 1722.5, -917.5, 0],
		[44, "U2", "T", 627.5, -487.5, 90],
		[45, "U3", "T", 2302.5, -996.25, 90],
		[46, "USB1", "T", 157.5, -422.5, 270]
	]
},
"pins": {
	"fields": ["PIN_NO", "PIN_NAME", "PIN_X", "PIN_Y", "LAYER", "PIN_TYPE", "NET_NAME", "NET_TYPE", "PAD_SHAPE", "PAD_SIZEX", "PAD_SIZEY", "HOLE_SIZE", "PAD_ANGLE"],
	"rows": [
		[1, "3.3V_1", 192.5, -907.5, "T", "DIP", "$1N5435", "", "C", 60, 60, 36, 180],
		[2, "3.3V_1", 192.5, -907.5, "B", "DIP", "$1N5435", "", "C", 60, 60, 36, 180],
		[3, "3.3V_2", 92.5, -907.5, "T", "DIP", "GND", "GND", "C", 60, 60, 36, 180],
		[4, "3.3V_2", 92.5, -907.5, "B", "DIP", "GND", "GND", "C", 60, 60, 36, 180],
		[5, "5V_1", 2637.5, -1437.5, "T", "DIP", "$1N4024", "", "C", 60, 60, 36, 0],
		[6, "5V_1", 2637.5, -1437.5, "B", "DIP", "$1N4024", "", "C", 60, 60, 36, 0],
		[7, "5V_2", 2737.5, -1437.5, "T", "DIP", "GND", "GND", "C", 60, 60, 36, 0],
		[8, "5V_2", 2737.5, -1437.5, "B", "DIP", "GND", "GND", "C", 60, 60, 36, 0],
		[9, "C1_1", 1425.06, -887.5, "T", "SMD", "+5V", "", "R", 31.5, 35.43, 0, 180],
		[10, "C1_2", 1369.94, -887.5, "T", "SMD", "GND", "GND", "R", 31.5, 35.43, 0, 180],
		[11, "C2_1", 2527.5, -360.06, "T", "SMD", "P2.0", "", "R", 31.5, 35.43, 0, 90],
		[12, "C2_2", 2527.5, -304.94, "T", "SMD", "GND", "GND", "R", 31.5, 35.43, 0, 90],
		[13, "C3_1", 2137.5, -360.06, "T", "SMD", "P2.1", "", "R", 31.5, 35.43, 0, 90],
		[14, "C3_2", 2137.5, -304.94, "T", "SMD", "GND", "GND", "R", 31.5, 35.43, 0, 90],
		[15, "C4_1", 2109.47, -1135.06, "T", "SMD", "GND", "GND", "R", 31.5, 35.43, 0, 90],
		[16, "C4_2", 2109.47, -1079.94, "T", "SMD", "XTAL2", "", "R", 31.5, 35.43, 0, 90],
		[17, "C5_1", 2109.47, -858.88, "T", "SMD", "GND", "GND", "R", 31.5, 35.43, 0, 270],
		[18, "C5_2", 2109.47, -914, "T", "SMD", "XTAL1", "", "R", 31.5, 35.43, 0, 270],
		[19, "C6_1", 600.25, -1667.5, "T", "SMD", "RST", "", "R", 31.5, 35.43, 0, 0],
		[20, "C6_2", 655.36, -1667.5, "T", "SMD", "+5V", "", "R", 31.5, 35.43, 0, 0],
		[21, "C7_1", 411.27, -796.43, "T", "SMD", "+5V", "", "R", 31.5, 35.43, 0, 0],
		[22, "C7_2", 466.39, -796.43, "T", "SMD", "GND", "GND", "R", 31.5, 35.43, 0, 0],
		[23, "C8_1", 466.02, -721.43, "T", "SMD", "GND", "GND", "R", 31.5, 35.43, 0, 180],
		[24, "C8_2", 410.9, -721.43, "T", "SMD", "+5V", "", "R", 31.5, 35.43, 0, 180],
		[25, "C9_1", 649.94, -262.5, "T", "SMD", "VCC_3.3", "", "R", 31.5, 35.43, 0, 0],
		[26, "C9_2", 705.06, -262.5, "T", "SMD", "GND", "GND", "R", 31.5, 35.43, 0, 0],
		[27, "C10_1", 570.76, -721.43, "T", "SMD", "GND", "GND", "R", 31.5, 35.43, 0, 0],
		[28, "C10_2", 625.88, -721.43, "T", "SMD", "VCC_3.3", "", "R", 31.5, 35.43, 0, 0],
		[29, "H1_1", 997.5, -1442.5, "T", "DIP", "P1.4", "", "R", 62, 66.93, 43.31, 90],
		[30, "H1_1", 997.5, -1442.5, "B", "DIP", "P1.4", "", "R", 62, 66.93, 43.31, 90],
		[31, "H1_2", 997.5, -1342.5, "T", "DIP", "P1.3", "", "C", 66.93, 66.93, 43.31, 90],
		[32, "H1_2", 997.5, -1342.5, "B", "DIP", "P1.3", "", "C", 66.93, 66.93, 43.31, 90],
		[33, "H1_3", 997.5, -1242.5, "T", "DIP", "P1.2", "", "C", 66.93, 66.93, 43.31, 90],
		[34, "H1_3", 997.5, -1242.5, "B", "DIP", "P1.2", "", "C", 66.93, 66.93, 43.31, 90],
		[35, "H1_4", 997.5, -1142.5, "T", "DIP", "P1.1", "", "C", 66.93, 66.93, 43.31, 90],
		[36, "H1_4", 997.5, -1142.5, "B", "DIP", "P1.1", "", "C", 66.93, 66.93, 43.31, 90],
		[37, "H1_5", 997.5, -1042.5, "T", "DIP", "P1.0", "", "C", 66.93, 66.93, 43.31, 90],
		[38, "H1_5", 997.5, -1042.5, "B", "DIP", "P1.0", "", "C", 66.93, 66.93, 43.31, 90],
		[39, "H1_6", 997.5, -942.5, "T", "DIP", "P4.2", "", "C", 66.93, 66.93, 43.31, 90],
		[40, "H1_6", 997.5, -942.5, "B", "DIP", "P4.2", "", "C", 66.93, 66.93, 43.31, 90],
		[41, "H1_7", 997.5, -842.5, "T", "DIP", "P0.0", "", "C", 66.93, 66.93, 43.31, 90],
		[42, "H1_7", 997.5, -842.5, "B", "DIP", "P0.0", "", "C", 66.93, 66.93, 43.31, 90],
		[43, "H1_8", 997.5, -742.5, "T", "DIP", "P0.1", "", "C", 66.93, 66.93, 43.31, 90],
		[44, "H1_8", 997.5, -742.5, "B", "DIP", "P0.1", "", "C", 66.93, 66.93, 43.31, 90],
		[45, "H1_9", 997.5, -642.5, "T", "DIP", "P0.2", "", "C", 66.93, 66.93, 43.31, 90],
		[46, "H1_9", 997.5, -642.5, "B", "DIP", "P0.2", "", "C", 66.93, 66.93, 43.31, 90],
		[47, "H1_10", 997.5, -542.5, "T", "DIP", "P0.3", "", "C", 66.93, 66.93, 43.31, 90],
		[48, "H1_10", 997.5, -542.5, "B", "DIP", "P0.3", "", "C", 66.93, 66.93, 43.31, 90],
		[49, "H2_1", 1322.5, -112.5, "T", "DIP", "P0.4", "", "R", 62, 66.93, 43.31, 0],
		[50, "H2_1", 1322.5, -112.5, "B", "DIP", "P0.4", "", "R", 62, 66.93, 43.31, 0],
		[51, "H2_2", 1422.5, -112.5, "T", "DIP", "P0.5", "", "C", 66.93, 66.93, 43.31, 0],
		[52, "H2_2", 1422.5, -112.5, "B", "DIP", "P0.5", "", "C", 66.93, 66.93, 43.31, 0],
		[53, "H2_3", 1522.5, -112.5, "T", "DIP", "P0.6", "", "C", 66.93, 66.93, 43.31, 0],
		[54, "H2_3", 1522.5, -112.5, "B", "DIP", "P0.6", "", "C", 66.93, 66.93, 43.31, 0],
		[55, "H2_4", 1622.5, -112.5, "T", "DIP", "P0.7", "", "C", 66.93, 66.93, 43.31, 0],
		[56, "H2_4", 1622.5, -112.5, "B", "DIP", "P0.7", "", "C", 66.93, 66.93, 43.31, 0],
		[57, "H2_5", 1722.5, -112.5, "T", "DIP", "P4.6", "", "C", 66.93, 66.93, 43.31, 0],
		[58, "H2_5", 1722.5, -112.5, "B", "DIP", "P4.6", "", "C", 66.93, 66.93, 43.31, 0],
		[59, "H2_6", 1822.5, -112.5, "T", "DIP", "P4.1", "", "C", 66.93, 66.93, 43.31, 0],
		[60, "H2_6", 1822.5, -112.5, "B", "DIP", "P4.1", "", "C", 66.93, 66.93, 43.31, 0],
		[61, "H2_7", 1922.5, -112.5, "T", "DIP", "P4.5", "", "C", 66.93, 66.93, 43.31, 0],
		[62, "H2_7", 1922.5, -112.5, "B", "DIP", "P4.5", "", "C", 66.93, 66.93, 43.31, 0],
		[63, "H2_8", 2022.5, -112.5, "T", "DIP", "P4.4", "", "C", 66.93, 66.93, 43.31, 0],
		[64, "H2_8", 2022.5, -112.5, "B", "DIP", "P4.4", "", "C", 66.93, 66.93, 43.31, 0],
		[65, "H2_9", 2122.5, -112.5, "T", "DIP", "P2.7", "", "C", 66.93, 66.93, 43.31, 0],
		[66, "H2_9", 2122.5, -112.5, "B", "DIP", "P2.7", "", "C", 66.93, 66.93, 43.31, 0],
		[67, "H2_10", 2222.5, -112.5, "T", "DIP", "P2.6", "", "C", 66.93, 66.93, 43.31, 0],
		[68, "H2_10", 2222.5, -112.5, "B", "DIP", "P2.6", "", "C", 66.93, 66.93, 43.31, 0],
		[69, "H3_1", 2707.5, -297.5, "T", "DIP", "P2.5", "", "R", 62, 66.93, 43.31, 270],
		[70, "H3_1", 2707.5, -297.5, "B", "DIP", "P2.5", "", "R", 62, 66.93, 43.31, 270],
		[71, "H3_2", 2707.5, -397.5, "T", "DIP", "P2.4", "", "C", 66.93, 66.93, 43.31, 270],
		[72, "H3_2", 2707.5, -397.5, "B", "DIP", "P2.4", "", "C", 66.93, 66.93, 43.31, 270],
		[73, "H3_3", 2707.5, -497.5, "T", "DIP", "P2.3", "", "C", 66.93, 66.93, 43.31, 270],
		[74, "H3_3", 2707.5, -497.5, "B", "DIP", "P2.3", "", "C", 66.93, 66.93, 43.31, 270],
		[75, "H3_4", 2707.5, -597.5, "T", "DIP", "P2.2", "", "C", 66.93, 66.93, 43.31, 270],
		[76, "H3_4", 2707.5, -597.5, "B", "DIP", "P2.2", "", "C", 66.93, 66.93, 43.31, 270],
		[77, "H3_5", 2707.5, -697.5, "T", "DIP", "P2.1", "", "C", 66.93, 66.93, 43.31, 270],
		[78, "H3_5", 2707.5, -697.5, "B", "DIP", "P2.1", "", "C", 66.93, 66.93, 43.31, 270],
		[79, "H3_6", 2707.5, -797.5, "T", "DIP", "P2.0", "", "C", 66.93, 66.93, 43.31, 270],
		[80, "H3_6", 2707.5, -797.5, "B", "DIP", "P2.0", "", "C", 66.93, 66.93, 43.31, 270],
		[81, "H3_7", 2707.5, -897.5, "T", "DIP", "P4.0", "", "C", 66.93, 66.93, 43.31, 270],
		[82, "H3_7", 2707.5, -897.5, "B", "DIP", "P4.0", "", "C", 66.93, 66.93, 43.31, 270],
		[83, "H3_8", 2707.5, -997.5, "T", "DIP", "P3.7", "", "C", 66.93, 66.93, 43.31, 270],
		[84, "H3_8", 2707.5, -997.5, "B", "DIP", "P3.7", "", "C", 66.93, 66.93, 43.31, 270],
		[85, "H3_9", 2707.5, -1097.5, "T", "DIP", "P3.6", "", "C", 66.93, 66.93, 43.31, 270],
		[86, "H3_9", 2707.5, -1097.5, "B", "DIP", "P3.6", "", "C", 66.93, 66.93, 43.31, 270],
		[87, "H3_10", 2707.5, -1197.5, "T", "DIP", "GND", "GND", "C", 66.93, 66.93, 43.31, 270],
		[88, "H3_10", 2707.5, -1197.5, "B", "DIP", "GND", "GND", "C", 66.93, 66.93, 43.31, 270],
		[89, "H4_1", 2442.5, -1717.5, "T", "DIP", "P3.5", "", "R", 62, 66.93, 43.31, 180],
		[90, "H4_1", 2442.5, -1717.5, "B", "DIP", "P3.5", "", "R", 62, 66.93, 43.31, 180],
		[91, "H4_2", 2342.5, -1717.5, "T", "DIP", "P3.4", "", "C", 66.93, 66.93, 43.31, 180],
		[92, "H4_2", 2342.5, -1717.5, "B", "DIP", "P3.4", "", "C", 66.93, 66.93, 43.31, 180],
		[93, "H4_3", 2242.5, -1717.5, "T", "DIP", "P3.3", "", "C", 66.93, 66.93, 43.31, 180],
		[94, "H4_3", 2242.5, -1717.5, "B", "DIP", "P3.3", "", "C", 66.93, 66.93, 43.31, 180],
		[95, "H4_4", 2142.5, -1717.5, "T", "DIP", "P3.2", "", "C", 66.93, 66.93, 43.31, 180],
		[96, "H4_4", 2142.5, -1717.5, "B", "DIP", "P3.2", "", "C", 66.93, 66.93, 43.31, 180],
		[97, "H4_5", 2042.5, -1717.5, "T", "DIP", "P4.3", "", "C", 66.93, 66.93, 43.31, 180],
		[98, "H4_5", 2042.5, -1717.5, "B", "DIP", "P4.3", "", "C", 66.93, 66.93, 43.31, 180],
		[99, "H4_6", 1942.5, -1717.5, "T", "DIP", "P1.7", "", "C", 66.93, 66.93, 43.31, 180],
		[100, "H4_6", 1942.5, -1717.5, "B", "DIP", "P1.7", "", "C", 66.93, 66.93, 43.31, 180],
		[101, "H4_7", 1842.5, -1717.5, "T", "DIP", "P1.6", "", "C", 66.93, 66.93, 43.31, 180],
		[102, "H4_7", 1842.5, -1717.5, "B", "DIP", "P1.6", "", "C", 66.93, 66.93, 43.31, 180],
		[103, "H4_8", 1742.5, -1717.5, "T", "DIP", "P1.5", "", "C", 66.93, 66.93, 43.31, 180],
		[104, "H4_8", 1742.5, -1717.5, "B", "DIP", "P1.5", "", "C", 66.93, 66.93, 43.31, 180],
		[105, "H4_9", 1642.5, -1717.5, "T", "DIP", "GND", "GND", "C", 66.93, 66.93, 43.31, 180],
		[106, "H4_9", 1642.5, -1717.5, "B", "DIP", "GND", "GND", "C", 66.93, 66.93, 43.31, 180],
		[107, "H4_10", 1542.5, -1717.5, "T", "DIP", "GND", "GND", "C", 66.93, 66.93, 43.31, 180],
		[108, "H4_10", 1542.5, -1717.5, "B", "DIP", "GND", "GND", "C", 66.93, 66.93, 43.31, 180],
		[109, "H5_1", 887.7, -112.5, "T", "DIP", "+5V", "", "R", 66.93, 66.93, 43.31, 0],
		[110, "H5_1", 887.7, -112.5, "B", "DIP", "+5V", "", "R", 66.93, 66.93, 43.31, 0],
		[111, "H5_2", 987.7, -112.5, "T", "DIP", "+5V", "", "C", 66.93, 66.93, 43.31, 0],
		[112, "H5_2", 987.7, -112.5, "B", "DIP", "+5V", "", "C", 66.93, 66.93, 43.31, 0],
		[113, "H5_3", 1087.7, -112.5, "T", "DIP", "+5V", "", "C", 66.93, 66.93, 43.31, 0],
		[114, "H5_3", 1087.7, -112.5, "B", "DIP", "+5V", "", "C", 66.93, 66.93, 43.31, 0],
		[115, "H5_4", 1187.7, -112.5, "T", "DIP", "+5V", "", "C", 66.93, 66.93, 43.31, 0],
		[116, "H5_4", 1187.7, -112.5, "B", "DIP", "+5V", "", "C", 66.93, 66.93, 43.31, 0],
		[117, "H6_1", 452.5, -112.5, "T", "DIP", "VCC_3.3", "", "R", 66.93, 66.93, 43.31, 0],
		[118, "H6_1", 452.5, -112.5, "B", "DIP", "VCC_3.3", "", "R", 66.93, 66.93, 43.31, 0],
		[119, "H6_2", 552.5, -112.5, "T", "DIP", "VCC_3.3", "", "C", 66.93, 66.93, 43.31, 0],
		[120, "H6_2", 552.5, -112.5, "B", "DIP", "VCC_3.3", "", "C", 66.93, 66.93, 43.31, 0],
		[121, "H6_3", 652.5, -112.5, "T", "DIP", "VCC_3.3", "", "C", 66.93, 66.93, 43.31, 0],
		[122, "H6_3", 652.5, -112.5, "B", "DIP", "VCC_3.3", "", "C", 66.93, 66.93, 43.31, 0],
		[123, "H6_4", 752.5, -112.5, "T", "DIP", "VCC_3.3", "", "C", 66.93, 66.93, 43.31, 0],
		[124, "H6_4", 752.5, -112.5, "B", "DIP", "VCC_3.3", "", "C", 66.93, 66.93, 43.31, 0],
		[125, "H7_1", 887.7, -267.5, "T", "DIP", "GND", "GND", "R", 66.93, 66.93, 43.31, 0],
		[126, "H7_1", 887.7, -267.5, "B", "DIP", "GND", "GND", "R", 66.93, 66.93, 43.31, 0],
		[127, "H7_2", 987.7, -267.5, "T", "DIP", "GND", "GND", "C", 66.93, 66.93, 43.31, 0],
		[128, "H7_2", 987.7, -267.5, "B", "DIP", "GND", "GND", "C", 66.93, 66.93, 43.31, 0],
		[129, "H7_3", 1087.7, -267.5, "T", "DIP", "GND", "GND", "C", 66.93, 66.93, 43.31, 0],
		[130, "H7_3", 1087.7, -267.5, "B", "DIP", "GND", "GND", "C", 66.93, 66.93, 43.31, 0],
		[131, "H7_4", 1187.7, -267.5, "T", "DIP", "GND", "GND", "C", 66.93, 66.93, 43.31, 0],
		[132, "H7_4", 1187.7, -267.5, "B", "DIP", "GND", "GND", "C", 66.93, 66.93, 43.31, 0],
		[133, "H8_1", 1417.5, -1717.5, "T", "DIP", "TX", "", "R", 66.93, 66.93, 43.31, 180],
		[134, "H8_1", 1417.5, -1717.5, "B", "DIP", "TX", "", "R", 66.93, 66.93, 43.31, 180],
		[135, "H8_2", 1317.5, -1717.5, "T", "DIP", "RX", "", "C", 66.93, 66.93, 43.31, 180],
		[136, "H8_2", 1317.5, -1717.5, "B", "DIP", "RX", "", "C", 66.93, 66.93, 43.31, 180],
		[137, "H8_3", 1217.5, -1717.5, "T", "DIP", "GND", "GND", "C", 66.93, 66.93, 43.31, 180],
		[138, "H8_3", 1217.5, -1717.5, "B", "DIP", "GND", "GND", "C", 66.93, 66.93, 43.31, 180],
		[139, "H8_4", 1117.5, -1717.5, "T", "DIP", "+5V", "", "C", 66.93, 66.93, 43.31, 180],
		[140, "H8_4", 1117.5, -1717.5, "B", "DIP", "+5V", "", "C", 66.93, 66.93, 43.31, 180],
		[141, "LED1_1", 191.93, -1138.88, "T", "DIP", "$1N4886", "", "C", 60, 60, 36, 180],
		[142, "LED1_1", 191.93, -1138.88, "B", "DIP", "$1N4886", "", "C", 60, 60, 36, 180],
		[143, "LED1_2", 91.93, -1138.88, "T", "DIP", "P1.0", "", "C", 60, 60, 36, 180],
		[144, "LED1_2", 91.93, -1138.88, "B", "DIP", "P1.0", "", "C", 60, 60, 36, 180],
		[145, "LED2_1", 191.93, -1378.19, "T", "DIP", "$1N4746", "", "C", 60, 60, 36, 180],
		[146, "LED2_1", 191.93, -1378.19, "B", "DIP", "$1N4746", "", "C", 60, 60, 36, 180],
		[147, "LED2_2", 91.93, -1378.19, "T", "DIP", "P1.1", "", "C", 60, 60, 36, 180],
		[148, "LED2_2", 91.93, -1378.19, "B", "DIP", "P1.1", "", "C", 60, 60, 36, 180],
		[149, "LED3_1", 191.93, -1617.5, "T", "DIP", "$1N4751", "", "C", 60, 60, 36, 180],
		[150, "LED3_1", 191.93, -1617.5, "B", "DIP", "$1N4751", "", "C", 60, 60, 36, 180],
		[151, "LED3_2", 91.93, -1617.5, "T", "DIP", "P1.2", "", "C", 60, 60, 36, 180],
		[152, "LED3_2", 91.93, -1617.5, "B", "DIP", "P1.2", "", "C", 60, 60, 36, 180],
		[153, "R2_1", 342.5, -447.84, "T", "SMD", "$1N3139", "", "R", 31.75, 34.02, 0, 270],
		[154, "R2_2", 342.5, -507.16, "T", "SMD", "GND", "GND", "R", 31.75, 34.02, 0, 270],
		[155, "R3_1", 412.5, -447.84, "T", "SMD", "$1N3135", "", "R", 31.75, 34.02, 0, 270],
		[156, "R3_2", 412.5, -507.16, "T", "SMD", "GND", "GND", "R", 31.75, 34.02, 0, 270],
		[157, "R4_1", 1111.33, -841.02, "B", "SMD", "P0.0", "", "R", 31.75, 34.02, 0, 0],
		[158, "R4_2", 1170.65, -841.02, "B", "SMD", "+5V", "", "R", 31.75, 34.02, 0, 0],
		[159, "R5_1", 1112.01, -741.65, "B", "SMD", "P0.1", "", "R", 31.75, 34.02, 0, 0],
		[160, "R5_2", 1171.33, -741.65, "B", "SMD", "+5V", "", "R", 31.75, 34.02, 0, 0],
		[161, "R6_1", 1112.01, -642.28, "B", "SMD", "P0.2", "", "R", 31.75, 34.02, 0, 0],
		[162, "R6_2", 1171.33, -642.28, "B", "SMD", "+5V", "", "R", 31.75, 34.02, 0, 0],
		[163, "R7_1", 1112.01, -542.91, "B", "SMD", "P0.3", "", "R", 31.75, 34.02, 0, 0],
		[164, "R7_2", 1171.33, -542.91, "B", "SMD", "+5V", "", "R", 31.75, 34.02, 0, 0],
		[165, "R8_1", 1322.5, -277.84, "B", "SMD", "P0.4", "", "R", 31.75, 34.02, 0, 270],
		[166, "R8_2", 1322.5, -337.16, "B", "SMD", "+5V", "", "R", 31.75, 34.02, 0, 270],
		[167, "R9_1", 1422.5, -277.84, "B", "SMD", "P0.5", "", "R", 31.75, 34.02, 0, 270],
		[168, "R9_2", 1422.5, -337.16, "B", "SMD", "+5V", "", "R", 31.75, 34.02, 0, 270],
		[169, "R10_1", 1622.5, -277.84, "B", "SMD", "P0.7", "", "R", 31.75, 34.02, 0, 270],
		[170, "R10_2", 1622.5, -337.16, "B", "SMD", "+5V", "", "R", 31.75, 34.02, 0, 270],
		[171, "R11_1", 1522.5, -277.84, "B", "SMD", "P0.6", "", "R", 31.75, 34.02, 0, 270],
		[172, "R11_2", 1522.5, -337.16, "B", "SMD", "+5V", "", "R", 31.75, 34.02, 0, 270],
		[173, "R12_1", 2717.16, -1577.5, "T", "SMD", "$1N4024", "", "R", 31.75, 34.02, 0, 180],
		[174, "R12_2", 2657.84, -1577.5, "T", "SMD", "+5V", "", "R", 31.75, 34.02, 0, 180],
		[175, "R13_1", 267.84, -1138.88, "T", "SMD", "$1N4886", "", "R", 31.75, 34.02, 0, 0],
		[176, "R13_2", 327.16, -1138.88, "T", "SMD", "VCC_3.3", "", "R", 31.75, 34.02, 0, 0],
		[177, "R14_1", 267.84, -1380.69, "T", "SMD", "$1N4746", "", "R", 31.75, 34.02, 0, 0],
		[178, "R14_2", 327.16, -1380.69, "T", "SMD", "VCC_3.3", "", "R", 31.75, 34.02, 0, 0],
		[179, "R15_1", 267.84, -1622.5, "T", "SMD", "$1N4751", "", "R", 31.75, 34.02, 0, 0],
		[180, "R15_2", 327.16, -1622.5, "T", "SMD", "VCC_3.3", "", "R", 31.75, 34.02, 0, 0],
		[181, "R16_1", 657.16, -1592.5, "T", "SMD", "GND", "GND", "R", 31.75, 34.02, 0, 180],
		[182, "R16_2", 597.84, -1592.5, "T", "SMD", "RST", "", "R", 31.75, 34.02, 0, 180],
		[183, "R17_1", 267.16, -907.5, "T", "SMD", "$1N5435", "", "R", 31.75, 34.02, 0, 0],
		[184, "R17_2", 326.48, -907.5, "T", "SMD", "VCC_3.3", "", "R", 31.75, 34.02, 0, 0],
		[185, "SW1_1", 2395.3, -422.62, "T", "SMD", "P2.0", "", "R", 60.24, 53.54, 0, 90],
		[186, "SW1_2", 2395.3, -262.38, "T", "SMD", "GND", "GND", "R", 60.24, 53.54, 0, 90],
		[187, "SW2_1", 2269.49, -422.62, "T", "SMD", "P2.1", "", "R", 60.24, 53.54, 0, 90],
		[188, "SW2_2", 2269.49, -262.38, "T", "SMD", "GND", "GND", "R", 60.24, 53.54, 0, 90],
		[189, "SW3_1", 547.38, -1772.5, "T", "SMD", "RST", "", "R", 60.24, 53.54, 0, 0],
		[190, "SW3_2", 707.62, -1772.5, "T", "SMD", "+5V", "", "R", 60.24, 53.54, 0, 0],
		[191, "U1_1", 1565.02, -1143.29, "T", "SMD", "P1.5", "", "O", 16.54, 65.75, 0, 0],
		[192, "U1_2", 1596.52, -1143.29, "T", "SMD", "P1.6", "", "O", 16.54, 65.75, 0, 0],
		[193, "U1_3", 1628.01, -1143.29, "T", "SMD", "P1.7", "", "O", 16.54, 65.75, 0, 0],
		[194, "U1_4", 1659.51, -1143.29, "T", "SMD", "RST", "", "O", 16.54, 65.75, 0, 0],
		[195, "U1_5", 1691, -1143.29, "T", "SMD", "RX", "", "O", 16.54, 65.75, 0, 0],
		[196, "U1_6", 1722.5, -1143.29, "T", "SMD", "P4.3", "", "O", 16.54, 65.75, 0, 0],
		[197, "U1_7", 1754, -1143.29, "T", "SMD", "TX", "", "O", 16.54, 65.75, 0, 0],
		[198, "U1_8", 1785.49, -1143.29, "T", "SMD", "P3.2", "", "O", 16.54, 65.75, 0, 0],
		[199, "U1_9", 1816.99, -1143.29, "T", "SMD", "P3.3", "", "O", 16.54, 65.75, 0, 0],
		[200, "U1_10", 1848.48, -1143.29, "T", "SMD", "P3.4", "", "O", 16.54, 65.75, 0, 0],
		[201, "U1_11", 1879.98, -1143.29, "T", "SMD", "P3.5", "", "O", 16.54, 65.75, 0, 0],
		[202, "U1_12", 1948.29, -1074.98, "T", "SMD", "P3.6", "", "O", 65.75, 16.54, 0, 0],
		[203, "U1_13", 1948.29, -1043.48, "T", "SMD", "P3.7", "", "O", 65.75, 16.54, 0, 0],
		[204, "U1_14", 1948.29, -1011.99, "T", "SMD", "XTAL2", "", "O", 65.75, 16.54, 0, 0],
		[205, "U1_15", 1948.29, -980.49, "T", "SMD", "XTAL1", "", "O", 65.75, 16.54, 0, 0],
		[206, "U1_16", 1948.29, -949, "T", "SMD", "GND", "GND", "O", 65.75, 16.54, 0, 0],
		[207, "U1_17", 1948.29, -917.5, "T", "SMD", "P4.0", "", "O", 65.75, 16.54, 0, 0],
		[208, "U1_18", 1948.29, -886, "T", "SMD", "P2.0", "", "O", 65.75, 16.54, 0, 0],
		[209, "U1_19", 1948.29, -854.51, "T", "SMD", "P2.1", "", "O", 65.75, 16.54, 0, 0],
		[210, "U1_20", 1948.29, -823.01, "T", "SMD", "P2.2", "", "O", 65.75, 16.54, 0, 0],
		[211, "U1_21", 1948.29, -791.52, "T", "SMD", "P2.3", "", "O", 65.75, 16.54, 0, 0],
		[212, "U1_22", 1948.29, -760.02, "T", "SMD", "P2.4", "", "O", 65.75, 16.54, 0, 0],
		[213, "U1_23", 1879.98, -691.71, "T", "SMD", "P2.5", "", "O", 16.54, 65.75, 0, 0],
		[214, "U1_24", 1848.48, -691.71, "T", "SMD", "P2.6", "", "O", 16.54, 65.75, 0, 0],
		[215, "U1_25", 1816.99, -691.71, "T", "SMD", "P2.7", "", "O", 16.54, 65.75, 0, 0],
		[216, "U1_26", 1785.49, -691.71, "T", "SMD", "P4.4", "", "O", 16.54, 65.75, 0, 0],
		[217, "U1_27", 1754, -691.71, "T", "SMD", "P4.5", "", "O", 16.54, 65.75, 0, 0],
		[218, "U1_28", 1722.5, -691.71, "T", "SMD", "P4.1", "", "O", 16.54, 65.75, 0, 0],
		[219, "U1_29", 1691, -691.71, "T", "SMD", "P4.6", "", "O", 16.54, 65.75, 0, 0],
		[220, "U1_30", 1659.51, -691.71, "T", "SMD", "P0.7", "", "O", 16.54, 65.75, 0, 0],
		[221, "U1_31", 1628.01, -691.71, "T", "SMD", "P0.6", "", "O", 16.54, 65.75, 0, 0],
		[222, "U1_32", 1596.52, -691.71, "T", "SMD", "P0.5", "", "O", 16.54, 65.75, 0, 0],
		[223, "U1_33", 1565.02, -691.71, "T", "SMD", "P0.4", "", "O", 16.54, 65.75, 0, 0],
		[224, "U1_34", 1496.71, -760.02, "T", "SMD", "P0.3", "", "O", 65.75, 16.54, 0, 0],
		[225, "U1_35", 1496.71, -791.52, "T", "SMD", "P0.2", "", "O", 65.75, 16.54, 0, 0],
		[226, "U1_36", 1496.71, -823.01, "T", "SMD", "P0.1", "", "O", 65.75, 16.54, 0, 0],
		[227, "U1_37", 1496.71, -854.51, "T", "SMD", "P0.0", "", "O", 65.75, 16.54, 0, 0],
		[228, "U1_38", 1496.71, -886, "T", "SMD", "+5V", "", "O", 65.75, 16.54, 0, 0],
		[229, "U1_39", 1496.71, -917.5, "T", "SMD", "P4.2", "", "O", 65.75, 16.54, 0, 0],
		[230, "U1_40", 1496.71, -949, "T", "SMD", "P1.0", "", "O", 65.75, 16.54, 0, 0],
		[231, "U1_41", 1496.71, -980.49, "T", "SMD", "P1.1", "", "O", 65.75, 16.54, 0, 0],
		[232, "U1_42", 1496.71, -1011.99, "T", "SMD", "P1.2", "", "O", 65.75, 16.54, 0, 0],
		[233, "U1_43", 1496.71, -1043.48, "T", "SMD", "P1.3", "", "O", 65.75, 16.54, 0, 0],
		[234, "U1_44", 1496.71, -1074.98, "T", "SMD", "P1.4", "", "O", 65.75, 16.54, 0, 0],
		[235, "U2_1", 718.05, -370.57, "T", "SMD", "GND", "GND", "R", 98.42, 43.31, 0, 90],
		[236, "U2_2", 627.5, -370.57, "T", "SMD", "VCC_3.3", "", "R", 98.42, 43.31, 0, 90],
		[237, "U2_3", 536.95, -370.57, "T", "SMD", "+5V", "", "R", 98.42, 43.31, 0, 90],
		[238, "U2_4", 627.5, -604.43, "T", "SMD", "VCC_3.3", "", "R", 92.13, 141.73, 0, 90],
		[239, "U3_1", 2302.5, -1173.41, "T", "SMD", "XTAL2", "", "R", 216.54, 55.12, 0, 90],
		[240, "U3_2", 2302.5, -819.09, "T", "SMD", "XTAL1", "", "R", 216.54, 55.12, 0, 90],
		[241, "USB1_7", 220.92, -257.42, "T", "DIP", "GND", "GND", "O", 49.21, 78.74, 51.18, 270],
		[242, "USB1_7", 220.92, -257.42, "B", "DIP", "GND", "GND", "O", 49.21, 78.74, 51.18, 270],
		[243, "USB1_8", 220.93, -597.58, "T", "DIP", "GND", "GND", "O", 49.21, 78.74, 51.18, 270],
		[244, "USB1_8", 220.93, -597.58, "B", "DIP", "GND", "GND", "O", 49.21, 78.74, 51.18, 270],
		[245, "USB1_9", 73.28, -257.42, "T", "DIP", "GND", "GND", "O", 49.21, 78.74, 51.18, 270],
		[246, "USB1_9", 73.28, -257.42, "B", "DIP", "GND", "GND", "O", 49.21, 78.74, 51.18, 270],
		[247, "USB1_10", 73.29, -597.58, "T", "DIP", "GND", "GND", "O", 49.21, 78.74, 51.18, 270],
		[248, "USB1_10", 73.29, -597.58, "B", "DIP", "GND", "GND", "O", 49.21, 78.74, 51.18, 270],
		[249, "USB1_A12", 241.72, -535.77, "T", "SMD", "GND", "GND", "R", 35.43, 47.24, 0, 270],
		[250, "USB1_A5", 241.72, -407.82, "T", "SMD", "$1N3135", "", "R", 27.56, 47.24, 0, 270],
		[251, "USB1_A9", 241.72, -487.34, "T", "SMD", "+5V", "", "R", 31.5, 47.24, 0, 270],
		[252, "USB1_B12", 241.72, -319.23, "T", "SMD", "GND", "GND", "R", 35.43, 47.24, 0, 270],
		[253, "USB1_B5", 241.72, -447.19, "T", "SMD", "$1N3139", "", "R", 27.56, 47.24, 0, 270],
		[254, "USB1_B9", 241.72, -367.66, "T", "SMD", "+5V", "", "R", 31.5, 47.24, 0, 270]
	]
}
}